id_venta,fecha,id_cliente,id_producto,cantidad,precio_unitario,canal
V001,06/09/2026,C001,P001,1,2500,Web
V002,2026-09-06,C002,P002,2,80,Tienda
V003,06-09-2026,C003,P003,1,120,WhatsApp
V004,2026/09/06,C004,P004,1,780,Marketplace
V005,09/06/2026,C999,P003,1,120,WhatsApp
V006,06/09/2026,C003,P999,1,300,Marketplace
V007,06/09/2026,C001,P002,-3,80,Web
V008,06/09/2026,C002,P003,1,,Tienda
V009,2026-31-09,C003,P001,1,2500,Web
V010,06/09/2026,C004,P004,uno,780,Marketplace
V011,06/09/2026,C005,P005,2,150,Instagram
V012,06/09/2026,C006,P006,1,620,Tienda
V012,06/09/2026,C006,P006,1,620,Tienda
